1,2,3,4,5,6,7,8,9,10,11,12,13,14,15,16,17,18,19,20,21,22,23,24,25,26,27,28,29,30,31,32
65.74.16.161,10.128.8.72,10.128.14.13,10.128.72.58,10.128.4.129,10.128.240.18,10.128.4.165,10.128.4.141,10.128.0.133,10.128.0.126,206.81.80.77,64.57.20.169,198.71.47.218,128.109.9.221,128.109.247.58
65.74.16.161,10.128.8.72,10.128.14.13,10.128.72.58,10.128.4.129,10.128.240.18,10.128.4.165,10.128.4.154,4.15.128.1,4.69.147.139,4.69.147.139,199.229.231.185,141.136.106.122,184.29.154.202
65.74.16.161,10.128.8.72,10.128.14.13,10.128.72.58,10.128.4.129,10.128.240.18,10.128.4.165,10.128.4.154,4.15.128.1,4.69.140.149,4.69.140.149,4.16.192.146,111.69.34.41,111.69.34.42,118.149.0.1,118.149.206.53
65.74.16.161,10.128.8.72,10.128.14.13,10.128.72.58,10.128.4.129,10.128.240.18,10.128.4.165,10.128.4.141,10.128.0.133,10.128.0.126,206.81.80.102,209.63.100.146,209.63.100.146,67.138.209.58,192.94.118.248,192.94.118.220,192.94.118.248
65.74.16.161,10.128.8.72,10.128.14.13,10.128.72.58,10.128.4.129,10.128.240.18,10.128.4.165,10.128.4.154,4.15.128.1,4.69.147.139,4.69.147.139,4.68.62.234,100.41.132.59,71.190.194.194
65.74.16.161,10.128.8.72,10.128.14.13,10.128.72.58,10.128.4.129,10.128.240.18,10.128.4.165,10.128.4.154,4.15.128.1,q,62.140.27.10,146.172.105.101,146.172.101.18,85.167.68.161
65.74.16.161,10.128.8.72,10.128.14.13,10.128.72.58,10.128.4.129,10.128.240.18,10.128.4.165,10.128.4.154,4.15.128.1,4.69.203.66,213.242.73.122,62.204.104.1
65.74.16.161,10.128.8.72,10.128.14.13,10.128.72.58,10.128.4.129,10.128.240.18,10.128.4.165,10.128.4.154,4.15.128.1,q,66.109.9.129,66.109.1.16,66.109.6.9,66.109.6.15,66.109.6.73,24.58.52.111,24.58.241.198,67.249.27.119
65.74.16.161,10.128.8.72,10.128.14.13,10.128.72.58,10.128.4.129,10.128.240.18,10.128.4.165,10.128.4.154,4.15.128.1,4.69.209.165,134.159.61.105,202.84.247.18,202.84.247.29,202.84.136.78,203.50.13.85,203.50.6.59,203.50.6.60,203.50.11.95,139.130.60.26,202.80.92.140,202.80.92.153,q,58.162.26.71
65.74.16.161,10.128.8.72,10.128.14.13,10.128.72.58,10.128.4.129,10.128.240.18,10.128.4.165,10.128.4.154,4.15.128.1,q,129.250.8.217,129.250.2.44,129.250.2.38,129.250.5.134,129.250.2.123,203.131.248.174,10.55.40.66,175.144.53.50
65.74.16.161,10.128.8.72,10.128.14.13,10.128.72.58,10.128.4.129,10.128.240.18,10.128.4.165,10.128.4.154,4.15.128.1,q,4.68.111.102,66.109.6.1,66.109.3.236,66.109.6.40,66.109.6.83,24.93.64.199,24.28.255.67,174.111.126.158,104.138.142.186
65.74.16.161,10.128.8.72,10.128.14.13,10.128.72.58,10.128.4.129,10.128.240.18,10.128.4.165,10.128.4.141,10.128.0.133,10.128.0.126,206.81.80.131,112.174.87.85,112.174.84.117,112.174.48.157,112.174.117.174,112.188.133.154,112.188.165.90,q,175.204.250.222
65.74.16.161,10.128.8.72,10.128.14.13,10.128.72.58,10.128.4.129,10.128.240.18,10.128.4.165,10.128.4.141,10.128.0.133,10.128.0.122,206.81.81.40,39.115.132.124,10.222.6.92,q,116.121.206.246,172.18.129.97,172.18.129.194,172.18.131.2,172.16.121.2,117.55.136.108
65.74.16.161,10.128.8.72,10.128.14.13,10.128.72.58,10.128.4.129,10.128.240.18,10.128.4.165,10.128.4.141,10.128.0.133,10.128.0.126,206.81.80.131,112.174.87.189,112.174.83.73,112.174.8.65,112.174.16.114,112.190.188.38,q,112.190.146.2,121.183.34.26,183.106.66.114
65.74.16.161,10.128.8.72,10.128.14.13,10.128.72.58,10.128.4.129,10.128.240.18,10.128.4.165,10.128.4.154,4.15.128.1,q,q,67.16.164.165,201.234.95.18,186.121.191.226,201.234.95.18
65.74.16.161,10.128.8.72,10.128.14.13,10.128.72.58,10.128.4.129,10.128.240.18,10.128.4.165,10.128.4.154,4.15.128.1,4.69.147.139,4.69.147.139,4.68.63.34,144.232.12.28,144.232.22.174,144.232.18.6,144.232.5.219,144.232.24.13,80.77.64.34,213.206.129.34,213.206.129.87,194.71.10.80
65.74.16.161,10.128.8.72,10.128.14.13,10.128.72.58,10.128.4.129,10.128.240.18,10.128.4.165,10.128.4.154,4.15.128.1,4.69.147.139,4.69.147.139,207.45.206.9,64.86.123.22,209.58.86.73,63.243.251.1,66.110.59.8,66.110.59.54,216.6.84.150,210.212.70.190,173.222.76.49
65.74.16.161,10.128.8.72,10.128.14.13,10.128.72.58,10.128.4.129,10.128.240.18,10.128.4.165,10.128.4.154,4.15.128.1,4.69.209.253,4.26.1.134,219.158.96.29,219.158.24.133,219.158.24.125,219.158.8.246,110.72.240.18,110.72.240.130,110.72.231.95
65.74.16.161,10.128.8.72,10.128.14.13,10.128.72.58,10.128.4.129,10.128.240.18,10.128.4.165,10.128.4.154,4.15.128.1,q,4.15.6.70,216.117.50.138,108.167.134.134,108.167.134.134
65.74.16.161,10.128.8.72,10.128.14.13,10.128.72.58,10.128.4.129,10.128.240.18,10.128.4.165,10.128.4.154,4.15.128.1,q,62.67.36.230,213.59.212.123,87.226.140.102,92.47.151.230,95.59.172.34,92.47.151.209,212.154.195.98,89.218.102.1,185.100.65.152
65.74.16.161,10.128.8.72,10.128.14.13,10.128.72.58,10.128.4.129,10.128.240.18,10.128.4.165,10.128.4.154,4.15.128.1,4.69.209.181,4.53.211.142,219.158.98.57,219.158.3.29,219.158.18.69,219.158.3.234,221.2.132.6,221.2.129.138,27.208.15.8
65.74.16.161,10.128.8.72,10.128.14.13,10.128.72.58,10.128.4.129,10.128.240.18,10.128.4.165,10.128.4.141,10.128.0.133,10.128.0.122,66.208.228.45,68.86.85.57,68.86.84.205,68.86.84.230,68.86.85.21,68.86.95.42,68.87.238.50,68.85.97.90,73.156.113.208
65.74.16.161,10.128.8.72,10.128.14.13,10.128.72.58,10.128.4.129,10.128.240.18,10.128.4.165,10.128.4.141,10.128.0.133,10.128.0.122,66.208.228.45,68.86.82.237,68.86.85.198,68.86.88.190,219.158.40.117,219.158.117.1,219.158.16.77,219.158.112.125,219.158.22.38,61.168.37.138,61.168.249.110,115.50.136.63
65.74.16.161,10.128.8.72,10.128.14.13,10.128.72.58,10.128.4.129,10.128.240.18,10.128.4.165,10.128.4.154,4.15.128.1,4.69.147.139,4.69.147.139,4.68.62.234,q,130.81.24.211,96.237.189.139
65.74.16.161,10.128.8.72,10.128.14.13,10.128.72.58,10.128.4.129,10.128.240.18,10.128.4.165,10.128.4.154,4.15.128.1,4.69.147.139,4.69.147.139,207.45.206.9,64.86.123.93,207.45.206.1,64.86.79.2,216.6.81.28,66.198.111.125,q,80.231.130.33,80.231.139.41,80.231.139.2,80.231.158.29,80.231.158.6,80.231.159.94,41.206.164.254,41.206.179.9,41.206.179.14,41.160.0.244,q,41.160.24.13,41.169.48.241,41.169.48.241
65.74.16.161,10.128.8.72,10.128.14.13,10.128.72.58,10.128.4.129,10.128.240.18,10.128.4.165,10.128.4.154,4.15.128.1,q,4.26.3.26,219.158.102.81,219.158.97.169,219.158.112.145,219.158.20.202,58.240.161.142,58.240.160.202,153.35.145.88
65.74.16.161,10.128.8.72,10.128.14.13,10.128.72.58,10.128.4.129,10.128.240.18,10.128.4.165,10.128.4.141,10.128.0.133,10.128.0.122,66.208.228.45,68.86.85.37,68.86.85.198,68.86.85.242,66.208.216.42,202.97.50.73,202.97.51.77,202.97.53.69,202.97.53.173,111.126.34.105
65.74.16.161,10.128.8.72,10.128.14.13,10.128.72.58,10.128.4.129,10.128.240.18,10.128.4.165,10.128.4.154,198.32.195.42,184.105.64.133,184.105.81.238,q,199.48.70.82,23.88.164.58,45.33.150.84
65.74.16.161,10.128.8.72,10.128.14.13,10.128.72.58,10.128.4.129,10.128.240.18,10.128.4.165,10.128.4.141,10.128.0.133,10.128.0.122,66.208.228.45,68.86.85.37,68.86.85.198,68.86.87.157,68.86.87.14,50.248.118.106,195.2.30.249,195.2.24.242,195.2.8.106,195.10.44.2,q,q,q,81.203.74.208
65.74.16.161,10.128.8.72,10.128.14.13,10.128.72.58,10.128.4.129,10.128.240.18,10.128.4.165,10.128.4.154,4.15.128.1,4.69.154.200,4.69.154.200,212.162.24.18,5.175.255.129,77.90.11.101,77.90.11.101
65.74.16.161,10.128.8.72,10.128.14.13,10.128.72.58,10.128.4.129,10.128.240.18,10.128.4.165,10.128.4.141,10.128.0.133,10.128.0.122,66.208.228.45,68.86.84.197,68.86.86.90,173.167.58.74,62.115.117.49,62.115.124.254,80.91.253.117,213.155.132.244,62.115.120.65,62.115.36.82,212.191.233.38,82.139.146.174,82.139.160.246,89.161.64.130,89.161.89.21,89.161.89.171,89.161.66.17
65.74.16.161,10.128.8.72,10.128.14.13,10.128.72.58,10.128.4.129,10.128.240.18,10.128.4.165,10.128.4.154,4.15.128.1,4.69.154.10,4.69.154.10,62.67.36.18,46.38.253.132
65.74.16.161,10.128.8.72,10.128.14.13,10.128.72.58,10.128.4.129,10.128.240.18,10.128.4.165,10.128.4.154,4.15.128.1,q,62.115.36.224,62.115.116.141,62.115.125.85,62.115.120.253,62.115.52.210,q,190.157.0.108,q,201.216.40.165
65.74.16.161,10.128.8.72,10.128.14.13,10.128.72.58,10.128.4.129,10.128.240.18,10.128.4.165,10.128.4.154,4.15.128.1,4.69.209.165,4.68.110.138,154.54.1.193,154.54.31.189,154.54.44.85,154.54.42.66,154.54.30.161,154.54.0.221,154.54.24.234,38.104.95.246,q,q,q,200.40.78.72,186.51.250.173
65.74.16.161,10.128.8.72,10.128.14.13,10.128.72.58,10.128.4.129,10.128.240.18,10.128.4.165,10.128.4.141,10.128.0.133,10.128.0.122,206.81.80.179,67.226.180.114,67.226.180.42,67.226.180.61,173.212.154.113,q,q,q,74.113.2.2
65.74.16.161,10.128.8.72,10.128.14.13,10.128.72.58,10.128.4.129,10.128.240.18,10.128.4.165,10.128.4.141,10.128.0.133,10.128.0.122,66.208.228.45,68.86.84.45,68.86.85.198,68.86.83.134,66.208.216.38,202.97.50.53,q,q,q,202.97.38.126,q,222.83.27.230,124.118.168.98
65.74.16.161,10.128.8.72,10.128.14.13,10.128.72.58,10.128.4.129,10.128.240.18,10.128.4.165,10.128.4.154,4.15.128.1,q,154.54.10.245,154.54.2.198,154.54.42.98,154.54.31.90,154.54.44.170,154.54.7.130,154.54.29.174,154.54.43.13,154.54.1.177,154.54.58.186,130.117.1.14,149.11.4.110,154.42.164.19
65.74.16.161,10.128.8.72,10.128.14.13,10.128.72.58,10.128.4.129,10.128.240.18,10.128.4.165,10.128.4.154,4.15.128.1,4.69.144.10,4.69.144.10,217.6.51.245,212.185.8.30,87.186.197.33,79.219.200.178
65.74.16.161,10.128.8.72,10.128.14.13,10.128.72.58,10.128.4.129,10.128.240.18,10.128.4.165,10.128.4.154,4.15.128.1,4.69.144.138,4.69.144.138,217.6.51.245,217.239.46.2,193.159.167.18,81.183.3.144,84.1.78.176,84.1.78.176
65.74.16.161,10.128.8.72,10.128.14.13,10.128.72.58,10.128.4.129,10.128.240.18,10.128.4.165,10.128.4.154,4.15.128.1,4.69.209.181,4.53.210.206,202.97.50.61,202.97.51.5,202.97.35.25,202.97.33.93,202.97.27.14,221.224.229.230,58.208.76.30,49.72.101.82
65.74.16.161,10.128.8.72,10.128.14.13,10.128.72.58,10.128.4.129,10.128.240.18,10.128.4.165,10.128.4.154,4.15.128.1
65.74.16.161,10.128.8.72,10.128.14.13,10.128.72.58,10.128.4.129,10.128.240.18,10.128.4.165,10.128.4.154,4.15.128.1,4.69.147.139,4.69.147.139,4.68.63.34,144.232.1.149,144.232.15.88,144.232.15.237,144.232.7.124,144.223.179.186
65.74.16.161,10.128.8.72,10.128.14.13,10.128.72.58,10.128.4.129,10.128.240.18,10.128.4.165,10.128.4.154,4.15.128.1,q,66.109.9.129,66.109.6.136,66.109.6.9,66.109.6.15,66.109.6.21,66.109.6.69,65.29.1.29,65.29.1.86,24.33.103.85,24.164.114.50,174.104.187.239
65.74.16.161,10.128.8.72,10.128.14.13,10.128.72.58,10.128.4.129,10.128.240.18,10.128.4.165,10.128.4.154,4.15.128.1,4.69.209.157,4.59.0.226,94.142.126.194,5.53.3.6,84.16.12.128,176.52.253.235,186.116.62.183
65.74.16.161,10.128.8.72,10.128.14.13,10.128.72.58,10.128.4.129,10.128.240.18,10.128.4.165,10.128.4.154,4.15.128.1,4.69.200.234,4.31.208.10,207.231.227.122,207.231.227.125,142.166.211.247,142.166.162.146
65.74.16.161,10.128.8.72,10.128.14.13,10.128.72.58,10.128.4.129,10.128.240.18,10.128.4.165,10.128.4.158,216.243.25.157,174.127.140.13,174.127.137.132,192.175.28.238,206.223.116.43,111.87.3.153,59.128.3.194,106.187.8.5
65.74.16.161,10.128.8.72,10.128.14.13,10.128.72.58,10.128.4.129,10.128.240.18,10.128.4.165,10.128.4.154,4.15.128.1,q,62.115.36.224,62.115.117.49,62.115.137.34,62.115.135.105,62.115.113.171,213.248.73.143,109.5.244.185,109.24.74.178,109.3.122.249,86.64.231.158,78.126.253.35
65.74.16.161,10.128.8.72,10.128.14.13,10.128.72.58,10.128.4.129,10.128.240.18,10.128.4.165,10.128.4.158,216.243.25.157,174.127.140.13,174.127.138.74,174.127.138.62,208.185.155.61,64.125.29.0,64.125.29.27,64.125.29.208,64.125.29.127,64.125.29.76,64.125.27.1,64.125.21.78,80.249.209.89,195.229.2.240,195.229.4.105
65.74.16.161,10.128.8.72,10.128.14.13,10.128.72.58,10.128.4.129,10.128.240.18,10.128.4.165,10.128.4.154,198.32.195.42,184.105.64.133,72.52.92.70,65.19.151.26
65.74.16.161,10.128.8.72,10.128.14.13,10.128.72.58,10.128.4.129,10.128.240.18,10.128.4.165,10.128.4.141,10.128.0.133,10.128.0.122,206.81.81.102,134.55.43.22
65.74.16.161,10.128.8.72,10.128.14.13,10.128.72.58,10.128.4.129,10.128.240.18,10.128.4.165,10.128.4.141,10.128.0.133,10.128.0.122,66.208.228.45,129.250.66.57,129.250.2.98,129.250.198.178,58.138.88.133,58.138.102.106,210.130.154.98,61.122.112.213,61.122.116.58,58.159.251.46,221.112.17.122,58.159.251.34
65.74.16.161,10.128.8.72,10.128.14.13,10.128.72.58,10.128.4.129,10.128.240.18,10.128.4.165,10.128.4.154,4.15.128.1,4.69.209.157,4.59.0.226,94.142.117.168,213.140.38.149,94.142.117.71,213.140.36.95,213.140.33.64,216.184.112.17
65.74.16.161,10.128.8.72,10.128.14.13,10.128.72.58,10.128.4.129,10.128.240.18,10.128.4.165,10.128.4.154,4.15.128.1,q,213.19.197.214,q,79.104.48.74,195.58.0.193,195.58.0.193
65.74.16.161,10.128.8.72,10.128.14.13,10.128.72.58,10.128.4.129,10.128.240.18,10.128.4.165,10.128.4.141,10.128.0.133,10.128.0.122,66.208.228.45,68.86.88.97,68.86.85.198,68.86.88.206,66.208.216.42,202.97.50.77,202.97.51.65,202.97.58.89
65.74.16.161,10.128.8.72,10.128.14.13,10.128.72.58,10.128.4.129,10.128.240.18,10.128.4.165,10.128.4.141,10.128.0.133,10.128.0.122,66.208.228.45,68.86.82.229,68.86.84.205,68.86.85.169,68.86.85.201,68.86.83.94,75.149.228.162,166.49.208.26,166.49.237.133,166.49.208.228,166.49.208.233,166.49.224.222
65.74.16.161,10.128.8.72,10.128.14.13,10.128.72.58,10.128.4.129,10.128.240.18,10.128.4.165,10.128.4.141,10.128.0.133,10.128.0.122,66.208.228.45,68.86.84.45,68.86.84.205,68.86.85.169,68.86.82.158,75.149.228.122
65.74.16.161,10.128.8.72,10.128.14.13,10.128.72.58,10.128.4.129,10.128.240.18,10.128.4.165,10.128.4.154,4.15.128.1,4.69.209.157,4.68.70.58
65.74.16.161,10.128.8.72,10.128.14.13,10.128.72.58,10.128.4.129,10.128.240.18,10.128.4.165,10.128.4.154,4.15.128.1,4.69.147.139,4.69.147.139,199.229.231.185,89.149.185.138,77.67.73.58,62.27.95.22,62.27.95.77
65.74.16.161,10.128.8.72,10.128.14.13,10.128.72.58,10.128.4.129,10.128.240.18,10.128.4.165,10.128.4.154,4.15.128.1,4.69.209.181
65.74.16.161,10.128.8.72,10.128.14.13,10.128.72.58,10.128.4.129,10.128.240.18,10.128.4.165,10.128.4.154,4.15.128.1,4.69.203.165,129.250.8.217
65.74.16.161
65.74.16.161,10.128.8.72,10.128.14.13,10.128.72.58,10.128.4.129,10.128.240.18,10.128.4.165,10.128.4.154,198.32.195.42,184.105.64.137,184.105.223.217,65.19.151.26
65.74.16.161,10.128.8.72,10.128.14.13,10.128.72.58,10.128.4.129,10.128.240.18,10.128.4.165,10.128.4.154,4.15.128.1,q,4.16.29.110,q,221.183.46.250,q,221.183.10.154,q,111.11.254.82,117.136.177.165
65.74.16.161,10.128.8.72,10.128.14.13,10.128.72.58,10.128.4.129,10.128.240.18,10.128.4.165,10.128.4.154,4.15.128.1,4.69.209.169,134.159.61.105,202.84.247.18,202.84.247.29,202.84.136.34,202.84.222.65
65.74.16.161,10.128.8.72,10.128.14.13,10.128.72.58,10.128.4.129,10.128.240.18,10.128.4.165,10.128.4.154,4.15.128.1,q,62.115.36.224,62.115.116.141,62.115.117.164,62.115.135.107,213.155.136.85,62.115.134.186,62.115.151.169,188.111.206.225,94.223.17.30
65.74.16.161,10.128.8.72,10.128.14.13,10.128.72.58,10.128.4.129,10.128.240.18,10.128.4.165,10.128.4.141,10.128.0.133,10.128.0.122,66.208.228.45,68.86.85.61,68.86.84.205,68.86.85.169,68.86.90.46,162.151.63.22,68.85.49.122,68.48.232.9
65.74.16.161,10.128.8.72,10.128.14.13,10.128.72.58,10.128.4.129,10.128.240.18,10.128.4.165,10.128.4.154,198.32.195.42,184.105.64.133,72.52.92.70
65.74.16.161,10.128.8.72,10.128.14.13,10.128.72.58,10.128.4.129,10.128.240.18,10.128.4.165,10.128.4.141,10.128.0.133,10.128.0.122,66.208.228.45,68.86.85.57,68.86.85.198,68.86.87.157,68.86.89.230,80.156.163.153,62.154.23.246
65.74.16.161,10.128.8.72,10.128.14.13,10.128.72.58,10.128.4.129,10.128.240.18,10.128.4.165,10.128.4.154,4.15.128.1,4.69.153.245,62.140.25.186
65.74.16.161,10.128.8.72,10.128.14.13,10.128.72.58,10.128.4.129,10.128.240.18,10.128.4.165,10.128.4.154,198.32.195.42,184.105.64.137,184.105.223.217,65.19.151.26
65.74.16.161,10.128.8.72,10.128.14.13,10.128.72.58,10.128.4.129,10.128.240.18,10.128.4.165,10.128.4.154,4.15.128.1,4.69.209.249,4.26.1.158,219.158.96.29,219.158.24.133,219.158.24.125,q,120.80.147.90,112.95.176.223
65.74.16.161,10.128.8.72,10.128.14.13,10.128.72.58,10.128.4.129,10.128.240.18,10.128.4.165,10.128.4.154,4.15.128.1,4.69.147.139,4.69.147.139,199.229.231.185,89.149.187.233,77.67.76.34,145.145.80.81,145.145.8.6
65.74.16.161,10.128.8.72,10.128.14.13,10.128.72.58,10.128.4.129,10.128.240.18,10.128.4.165,10.128.4.141,10.128.0.133,10.128.0.122,66.208.228.45,68.86.88.101,68.86.85.198,68.86.87.157,68.86.89.230,50.248.118.106,195.2.30.38,195.2.25.70,195.2.24.242,195.2.8.110,84.123.33.69
65.74.16.161,10.128.8.72,10.128.14.13,10.128.72.58,10.128.4.129,10.128.240.18,10.128.4.165,10.128.4.158,216.243.25.157,174.127.140.13,174.127.138.154,174.127.138.62
65.74.16.161,10.128.8.72,10.128.14.13,10.128.72.58,10.128.4.129,10.128.240.18,10.128.4.165,10.128.4.141,10.128.0.133,10.128.0.122,66.208.228.45,68.86.85.61,68.86.84.205,68.86.85.169,68.86.91.6,162.151.113.194,96.108.152.10
65.74.16.161,10.128.8.72,10.128.14.13,10.128.72.58,10.128.4.129,10.128.240.18,10.128.4.165,10.128.4.154,4.15.128.1,4.69.209.157,4.59.0.226,84.16.15.123,94.142.98.158,213.140.49.98,5.53.5.126,216.184.112.201,187.100.86.101
65.74.16.161,10.128.8.72,10.128.14.13,10.128.72.58,10.128.4.129,10.128.240.18,10.128.4.165,10.128.4.154,4.15.128.1,4.69.144.202,4.69.144.202,217.6.51.245
65.74.16.161,10.128.8.72,10.128.14.13,10.128.72.58,10.128.4.129,10.128.240.18,10.128.4.165,10.128.4.158,216.243.25.157,174.127.140.13,174.127.138.154,174.127.138.72
65.74.16.161,10.128.8.72,10.128.14.13,10.128.72.58,10.128.4.129,10.128.240.18,10.128.4.165,10.128.4.154,4.15.128.1,4.69.208.233,4.71.122.22,68.1.1.229,72.210.24.33,24.248.104.81
65.74.16.161,10.128.8.72,10.128.14.13,10.128.72.58,10.128.4.129,10.128.240.18,10.128.4.165,10.128.4.154,4.15.128.1,4.69.209.157,4.59.0.226,176.52.254.254,176.52.255.64,213.140.50.10,187.100.37.82
65.74.16.161,10.128.8.72,10.128.14.13,10.128.72.58,10.128.4.129,10.128.240.18,10.128.4.165,10.128.4.154,4.15.128.1,q,4.16.29.110,221.183.30.233,221.183.46.250,q,221.176.16.25,q,221.181.58.170,221.181.60.146,36.182.121.188
65.74.16.161,10.128.8.72,10.128.14.13,10.128.72.58,10.128.4.129,10.128.240.18,10.128.4.165,10.128.4.141,10.128.0.133,10.128.0.122,66.208.228.45,68.86.84.197,68.86.84.205,68.86.85.169,68.86.85.201,68.86.91.30,69.139.194.130,68.85.73.90
65.74.16.161,10.128.8.72,10.128.14.13,10.128.72.58,10.128.4.129,10.128.240.18,10.128.4.165,10.128.4.154,4.15.128.1,4.69.147.139,4.69.147.139,4.68.62.234,152.63.26.66
65.74.16.161,10.128.8.72,10.128.14.13,10.128.72.58,10.128.4.129,10.128.240.18,10.128.4.165,10.128.4.141,10.128.0.133,10.128.0.126,206.81.80.54
65.74.16.161,10.128.8.72,10.128.14.13,10.128.72.58,10.128.4.129,10.128.240.18,10.128.4.165,10.128.4.154,4.15.128.1,4.69.209.157,4.68.110.98,195.22.210.195,213.144.183.137,196.46.232.122,196.46.232.227
65.74.16.161,10.128.8.72,10.128.14.13,10.128.72.58,10.128.4.129,10.128.240.18,10.128.4.165,10.128.4.141,10.128.0.133,10.128.0.122,206.81.81.85,180.240.192.69,180.240.192.149,180.240.193.205
65.74.16.161,10.128.8.72,10.128.14.13,10.128.72.58,10.128.4.129,10.128.240.18,10.128.4.165,10.128.4.154,4.15.128.1,4.69.147.139,4.69.147.139,207.45.206.9,64.86.123.93,207.45.206.1,64.86.79.2,216.6.81.28,66.198.111.6,216.6.57.1,80.231.130.33,80.231.131.1,80.231.131.161,195.219.194.5,195.219.194.150,195.219.156.98,5.23.8.22
65.74.16.161,10.128.8.72,10.128.14.13,10.128.72.58,10.128.4.129,10.128.240.18,10.128.4.165,10.128.4.154,4.15.128.1,4.69.133.101,195.50.119.98,146.97.35.189,146.97.41.62,194.66.26.198
65.74.16.161,10.128.8.72,10.128.14.13,10.128.72.58,10.128.4.129,10.128.240.18,10.128.4.165,10.128.4.154,4.15.128.1
65.74.16.161,10.128.8.72,10.128.14.13,10.128.72.58,10.128.4.129,10.128.240.18,10.128.4.165,10.128.4.154,4.15.128.1,q,62.115.36.224,62.115.116.141,62.115.124.252,213.155.134.53,62.115.139.174,62.115.141.205,62.115.114.15,81.228.91.202,81.228.87.83,81.228.93.99,90.230.153.137
65.74.16.161,10.128.8.72,10.128.14.13,10.128.72.58,10.128.4.129,10.128.240.18,10.128.4.165,10.128.4.154,4.15.128.1,4.69.209.157,4.59.0.226,94.142.125.90,94.142.123.233,94.142.97.16,216.184.112.95,201.86.56.247
65.74.16.161,10.128.8.72,10.128.14.13,10.128.72.58,10.128.4.129,10.128.240.18,10.128.4.165,10.128.4.158,216.243.25.157,174.127.140.13,174.127.138.154,174.127.138.64,208.185.155.61,64.125.29.0,64.125.29.27,64.125.29.208,64.125.29.127,64.125.29.76,64.125.29.81,64.125.29.58,64.125.31.217,64.125.26.234,80.81.193.117,188.111.189.205,84.58.251.42
65.74.16.161,10.128.8.72,10.128.14.13,10.128.72.58,10.128.4.129,10.128.240.18,10.128.4.165,10.128.4.141,10.128.0.133,10.128.0.122,66.208.228.45,68.86.84.45,68.86.85.198,68.86.94.154,68.85.154.134,162.151.79.138,68.87.197.190,50.174.106.4
65.74.16.161
65.74.16.161,10.128.8.72,10.128.14.13,10.128.72.58,10.128.4.129,10.128.240.18,10.128.4.165,10.128.4.154,4.15.128.1,4.69.144.138,4.69.144.138,4.53.228.6,202.39.84.85,202.39.91.6,220.128.11.130,220.128.1.229,220.128.25.141,168.95.37.17
65.74.16.161,10.128.8.72,10.128.14.13,10.128.72.58,10.128.4.129,10.128.240.18,10.128.4.165,10.128.4.154,4.15.128.1,q,62.115.36.224,62.115.117.49,62.115.113.20,62.115.120.251
65.74.16.161,10.128.8.72,10.128.14.13,10.128.72.58,10.128.4.129,10.128.240.18,10.128.4.165,10.128.4.154,4.15.128.1,4.69.144.79,4.69.144.79,61.42.234.5,211.118.180.153,203.255.234.149,1.208.107.210,59.150.0.13,211.242.0.141,211.242.0.230,211.242.42.178,211.175.185.74
65.74.16.161,10.128.8.72,10.128.14.13,10.128.72.58,10.128.4.129,10.128.240.18,10.128.4.165,10.128.4.154,4.15.128.1,4.69.132.174,4.69.132.174,4.71.162.2
65.74.16.161,10.128.8.72,10.128.14.13,10.128.72.58,10.128.4.129,10.128.240.18,10.128.4.165,10.128.4.141,10.128.0.133,10.128.0.122,66.208.228.45,68.86.82.233,68.86.85.198,68.86.87.157,68.86.86.30,50.248.118.106,195.2.25.134,195.2.24.242,195.2.30.130,195.2.28.206,195.89.98.94,62.38.36.190,213.249.21.90,195.46.25.245,62.74.147.116
